stkcode,headcount
'000725,45551
'601989,23779
'601766,22966
'601899,20812
'600795,20162
'600030,19487
'600050,19241
'600010,17973
'601390,17823
'601668,16020
'601857,15989
'601988,15762
'000100,14902
'601600,14057
'600028,13928
'601985,13566
'601398,13358
'601099,13233
'601169,12395
'601318,12368
'600221,12355
'000630,12247
'601618,12232
'000651,11467
'600839,11315
'600157,11269
'601288,11236
'601258,11182
'000001,10834
'600016,10745
'000063,10718
'002065,10554
'601866,10217
'000157,10083
'600019,10063
'000413,10055
'601106,9927
'000166,9926
'000709,9843
'600868,9715
'601939,9485
'600022,9397
'600031,9299
'600111,9274
'601066,9128
'601727,9100
'601138,8685
'600307,8644
'601328,8542
'603993,8393
'600837,8211
'600089,8201
'601669,8176
'002230,8166
'000629,8073
'002024,8034
'601186,8022
'601919,8021
'600068,7860
'300059,7836
'601319,7755
'600518,7691
'002610,7632
'600219,7617
'600601,7472
'300104,7422
'600008,7258
'601377,7240
'600401,7227
'000839,7215
'002131,7165
'000002,7135
'600567,7092
'600635,7042
'002195,6954
'600018,6880
'600516,6762
'002797,6725
'000425,6715
'601558,6692
'600797,6665
'601166,6658
'600025,6656
'002340,6643
'000727,6625
'600489,6550
'601333,6508
'000540,6474
'600863,6461
'600887,6457
'000858,6425
'600487,6317
'000783,6278
'600036,6203
'002600,6151
'601818,6030
'601901,5983
'600170,5961
'600808,5850
'601519,5824
'601991,5696
'000338,5665
'600705,5648
'000750,5633
'600522,5622
'601018,5613
'002673,5609
'601918,5590
'600503,5554
'000778,5548
'300315,5528
'600653,5515
'002926,5504
'600115,5444
'300017,5440
'600000,5422
'000009,5415
'601880,5405
'600255,5374
'600320,5357
'600029,5338
'600928,5327
'002027,5324
'000825,5308
'601992,5300
'600166,5253
'000667,5227
'600690,5225
'601588,5216
'002936,5213
'601168,5211
'600100,5207
'000751,5170
'600256,5166
'002450,5163
'601088,5150
'600879,5148
'600369,5132
'601998,5124
'002460,5105
'000875,5105
'600637,5089
'600415,5067
'601211,5042
'600497,5033
'000977,4968
'000735,4968
'600460,4961
'000625,4959
'600919,4934
'600642,4920
'600703,4920
'600023,4917
'000031,4916
'600776,4913
'603077,4899
'601212,4896
'600909,4864
'000333,4836
'601688,4825
'600108,4822
'600048,4819
'002415,4768
'601608,4765
'000598,4762
'000060,4755
'000768,4739
'000563,4726
'002456,4677
'600317,4651
'002477,4643
'601179,4627
'601108,4624
'600820,4611
'600886,4595
'601111,4572
'600816,4571
'002505,4571
'601005,4543
'601872,4529
'000776,4521
'000078,4495
'600958,4456
'000932,4421
'000683,4406
'600755,4380
'002185,4358
'600485,4352
'000897,4348
'600039,4345
'601898,4338
'601216,4332
'600547,4311
'002031,4305
'300024,4291
'000682,4265
'002466,4262
'600109,4258
'600118,4250
'000656,4243
'000066,4237
'600895,4225
'600017,4214
'600435,4201
'603799,4171
'600362,4142
'600873,4134
'601229,4116
'002465,4113
'600309,4098
'601010,4092
'600252,4090
'002498,4068
'601890,4065
'000917,4051
'600959,4047
'000983,4021
'601375,4016
'000930,4013
'002948,4010
'000882,3998
'601006,3992
'600210,3991
'002405,3989
'600297,3988
'300185,3986
'600187,3986
'601718,3985
'000807,3980
'002500,3968
'600604,3963
'002008,3951
'600169,3936
'000767,3935
'000005,3921
'600901,3920
'601838,3902
'600282,3882
'601000,3856
'600027,3845
'600577,3829
'601933,3809
'000670,3787
'601009,3785
'601865,3778
'601800,3760
'600033,3742
'600151,3732
'000758,3731
'600104,3720
'600196,3706
'002129,3698
'600606,3697
'600276,3680
'002280,3678
'300027,3676
'601118,3675
'600352,3667
'000027,3665
'600737,3657
'002506,3646
'002176,3643
'600496,3641
'000636,3625
'000680,3620
'600176,3614
'000878,3612
'600495,3595
'600177,3576
'600006,3575
'601975,3572
'002310,3553
'600550,3538
'601228,3534
'601878,3533
'000050,3530
'600711,3524
'600584,3524
'600220,3506
'600726,3506
'000886,3496
'601700,3495
'002385,3472
'000830,3467
'002421,3465
'002241,3461
'601162,3449
'600021,3448
'000931,3418
'300079,3414
'600015,3412
'000933,3410
'600150,3405
'601298,3405
'002407,3401
'000717,3395
'002266,3385
'600871,3385
'600881,3381
'600999,3374
'601611,3368
'600875,3357
'000898,3349
'600380,3348
'000686,3337
'600595,3335
'002736,3330
'601016,3326
'000816,3323
'600528,3321
'600103,3301
'000021,3296
'000959,3281
'601628,3281
'000410,3257
'000571,3253
'000883,3247
'600583,3245
'600717,3245
'601011,3237
'002252,3230
'000547,3225
'002049,3215
'600789,3212
'000652,3210
'600698,3208
'000728,3203
'600175,3194
'600428,3193
'002175,3173
'600153,3169
'000401,3151
'000415,3151
'000572,3149
'600777,3149
'000793,3147
'600446,3139
'300070,3127
'600425,3126
'300111,3125
'601788,3123
'600331,3121
'600728,3117
'600649,3114
'000516,3108
'600677,3102
'002217,3101
'600572,3099
'000507,3093
'601881,3077
'002497,3076
'600549,3076
'600611,3073
'600269,3072
'000520,3072
'600569,3071
'000616,3069
'000806,3066
'600804,3065
'000970,3060
'000592,3055
'601958,3053
'601929,3050
'601008,3046
'002155,3044
'002202,3020
'601128,3014
'000623,3008
'000988,3008
'601326,3005
'000488,3001
'601198,2998
'002526,2970
'002004,2970
'002547,2963
'600026,2942
'002573,2940
'601555,2936
'600586,2929
'603000,2922
'600399,2920
'600326,2919
'600664,2918
'002183,2913
'000877,2907
'600900,2904
'000559,2901
'601200,2900
'600158,2899
'002130,2894
'002161,2891
'002463,2886
'600406,2880
'000012,2880
'000627,2866
'601860,2866
'600410,2864
'600490,2863
'600125,2858
'002017,2857
'601598,2855
'002663,2845
'002236,2841
'002739,2837
'600652,2835
'002491,2827
'002013,2818
'000973,2806
'002474,2804
'300077,2801
'600388,2801
'600086,2799
'600360,2796
'002342,2794
'600110,2793
'002594,2793
'600667,2792
'600063,2783
'600130,2782
'002177,2781
'002471,2780
'600133,2778
'601117,2778
'600208,2773
'000536,2765
'600655,2763
'002636,2762
'002113,2758
'002256,2757
'002288,2755
'000831,2754
'600977,2753
'600744,2753
'002089,2751
'600565,2744
'002489,2743
'600020,2740
'600811,2733
'600405,2724
'000937,2723
'600343,2704
'600988,2702
'002263,2700
'002431,2700
'600519,2700
'600718,2695
'600183,2693
'002154,2689
'000792,2683
'600846,2681
'600598,2680
'002392,2680
'300324,2677
'000069,2673
'300287,2666
'601601,2665
'600874,2664
'600291,2662
'300355,2658
'002030,2655
'000795,2653
'001696,2651
'600812,2649
'600186,2647
'002426,2646
'002023,2646
'600340,2639
'600348,2638
'002429,2631
'000519,2630
'002108,2629
'000650,2622
'600392,2621
'600651,2615
'600074,2613
'600581,2609
'000859,2608
'600171,2605
'002312,2604
'600512,2600
'600284,2600
'002156,2598
'000528,2598
'002839,2593
'600756,2586
'002446,2575
'600498,2568
'002145,2564
'600739,2557
'002276,2550
'600143,2550
'000423,2549
'600893,2547
'000738,2547
'600396,2546
'600688,2545
'002542,2545
'600122,2535
'000039,2534
'601997,2529
'300088,2528
'600966,2519
'600662,2516
'600226,2511
'603019,2511
'000008,2511
'002950,2506
'600654,2501
'600227,2496
'600675,2494
'002436,2491
'600072,2488
'000960,2482
'600162,2479
'600770,2477
'000861,2470
'601615,2470
'600085,2465
'000600,2442
'002102,2439
'000518,2432
'002092,2431
'600311,2430
'601001,2425
'300418,2425
'000402,2424
'600105,2420
'300251,2420
'600666,2420
'600531,2416
'300072,2414
'002939,2411
'002151,2399
'002938,2390
'601577,2390
'000876,2388
'002945,2384
'600588,2381
'601388,2380
'600190,2378
'600127,2378
'002067,2377
'300116,2376
'000958,2370
'002716,2370
'600660,2364
'601828,2359
'000070,2347
'000301,2347
'002467,2345
'002121,2345
'300058,2339
'002668,2338
'000718,2337
'000939,2333
'002307,2324
'000720,2321
'601990,2317
'300136,2312
'002358,2311
'000777,2308
'000729,2303
'600869,2300
'300008,2299
'601636,2298
'000800,2297
'600300,2295
'600467,2293
'002097,2292
'600060,2292
'600794,2292
'600084,2287
'600624,2287
'000901,2286
'600555,2285
'600614,2283
'600037,2278
'002447,2272
'600271,2270
'601666,2269
'601699,2265
'600720,2263
'600507,2262
'002001,2260
'002951,2255
'000851,2250
'600106,2247
'300101,2246
'600206,2244
'600926,2242
'600525,2240
'002285,2238
'603858,2238
'002517,2237
'600011,2235
'000690,2232
'600736,2232
'600308,2232
'600836,2231
'002341,2229
'000862,2224
'000997,2221
'002239,2218
'000558,2213
'600970,2211
'002501,2207
'300750,2203
'600231,2195
'600759,2193
'600172,2191
'000400,2190
'600266,2188
'002665,2188
'002486,2188
'600350,2188
'000822,2187
'002104,2187
'002005,2186
'600200,2185
'600884,2185
'601607,2184
'600827,2182
'002052,2179
'002018,2175
'002292,2175
'000753,2174
'601002,2172
'600188,2170
'600409,2169
'600578,2169
'600978,2167
'600751,2166
'600240,2166
'000006,2162
'002337,2160
'002002,2160
'600322,2158
'000564,2152
'002302,2150
'601012,2147
'300124,2144
'000545,2143
'600643,2140
'600321,2138
'600783,2136
'002079,2136
'000548,2132
'300433,2130
'601019,2127
'600862,2126
'000555,2125
'002437,2125
'600798,2122
'002226,2121
'600418,2110
'600500,2109
'600198,2107
'000762,2106
'002157,2099
'600316,2097
'002115,2094
'300297,2092
'002261,2081
'600436,2074
'600585,2073
'000971,2073
'600330,2065
'601616,2062
'300156,2060
'002170,2053
'300352,2050
'002284,2050
'600596,2047
'600602,2045
'600477,2044
'600058,2044
'002596,2042
'000585,2039
'300002,2036
'002146,2034
'002273,2034
'600630,2032
'002510,2032
'600570,2025
'601949,2021
'002178,2019
'000868,2018
'000541,2017
'002245,2013
'300737,2012
'300292,2010
'000936,2007
'600290,2003
'600545,2002
'600035,2001
'002448,1997
'002657,1997
'601633,1991
'000016,1991
'002056,1989
'002550,1988
'002218,1983
'000568,1981
'600824,1979
'000838,1979
'000059,1976
'000420,1974
'000018,1972
'000903,1972
'000591,1971
'600864,1971
'601058,1970
'002073,1966
'002540,1962
'300026,1958
'600775,1954
'600303,1953
'002106,1948
'002334,1943
'601808,1939
'300253,1937
'000566,1936
'000900,1935
'600903,1931
'600685,1926
'600784,1924
'002359,1919
'601163,1918
'600740,1918
'000829,1913
'600730,1913
'000036,1911
'002630,1911
'000503,1908
'002078,1906
'000799,1904
'600117,1904
'002326,1904
'000068,1904
'002249,1903
'002224,1899
'600408,1899
'002063,1899
'300170,1897
'600760,1895
'002019,1895
'300098,1893
'002413,1893
'600131,1892
'600571,1890
'601107,1889
'600800,1888
'600747,1888
'600713,1888
'000895,1884
'600963,1884
'002689,1881
'600098,1881
'002495,1881
'600877,1880
'002118,1879
'601518,1876
'600673,1874
'601311,1870
'002075,1869
'300296,1869
'600704,1863
'600123,1862
'600488,1861
'600064,1860
'600888,1858
'600312,1857
'600160,1852
'600765,1850
'600936,1849
'600537,1848
'002390,1846
'002011,1845
'002269,1844
'000905,1844
'000837,1841
'300431,1839
'002695,1837
'300370,1835
'000040,1833
'600216,1832
'001979,1829
'000587,1829
'000687,1829
'300137,1826
'002488,1826
'000530,1824
'002093,1823
'300044,1815
'300085,1811
'002701,1805
'002237,1803
'002400,1802
'601225,1802
'601069,1802
'002142,1799
'601068,1797
'600536,1797
'000561,1793
'600076,1792
'600880,1792
'002555,1791
'002807,1786
'000969,1785
'601952,1783
'002099,1781
'300353,1780
'300003,1778
'000498,1777
'300197,1775
'002611,1775
'603128,1773
'600997,1773
'600527,1770
'002432,1769
'601928,1769
'601336,1768
'002060,1768
'300152,1765
'002281,1764
'002168,1762
'000543,1762
'600067,1759
'000589,1758
'000088,1757
'600249,1757
'002523,1757
'002294,1755
'000980,1753
'002424,1751
'300066,1748
'600458,1747
'002402,1746
'002139,1744
'600332,1743
'600867,1742
'000099,1739
'600354,1739
'600079,1739
'600199,1738
'600426,1737
'600787,1737
'000836,1737
'000615,1737
'600056,1733
'600701,1733
'300014,1731
'002148,1729
'002181,1727
'600807,1725
'600069,1725
'600313,1723
'601606,1722
'600782,1721
'600986,1719
'002554,1719
'601619,1714
'600707,1712
'600066,1712
'600502,1710
'002622,1710
'000693,1710
'002516,1709
'002565,1705
'000407,1703
'002169,1702
'002064,1701
'000539,1699
'600397,1699
'002329,1695
'300762,1693
'002043,1693
'000659,1689
'000422,1683
'600546,1681
'600594,1681
'000055,1681
'002100,1680
'000998,1675
'600582,1671
'600825,1670
'000557,1669
'000426,1668
'300367,1667
'002619,1665
'600439,1665
'600366,1663
'600057,1663
'002512,1663
'600073,1662
'600975,1662
'002297,1662
'601968,1660
'000158,1659
'002428,1658
'000791,1658
'300310,1658
'000514,1656
'600292,1655
'002508,1654
'601966,1653
'000935,1652
'300055,1651
'300038,1648
'600589,1647
'000089,1647
'002070,1646
'600277,1646
'601360,1645
'601188,1645
'600674,1642
'300090,1641
'000786,1640
'600112,1639
'600758,1638
'000802,1637
'600526,1636
'600676,1635
'002564,1634
'601222,1633
'600139,1632
'000599,1629
'600375,1628
'600533,1622
'000826,1621
'002182,1621
'300303,1621
'601218,1620
'600438,1619
'000601,1619
'002163,1616
'000672,1616
'002533,1615
'000963,1612
'600517,1610
'000912,1609
'002535,1609
'600743,1605
'601777,1603
'000760,1602
'002650,1600
'000966,1600
'002305,1599
'000509,1599
'600853,1599
'600967,1599
'600339,1599
'002369,1596
'002122,1596
'000981,1596
'600626,1590
'000521,1590
'601789,1589
'000712,1588
'000029,1586
'600621,1585
'002233,1583
'600535,1580
'002642,1580
'000506,1578
'002222,1576
'300333,1574
'600481,1574
'600261,1571
'600351,1570
'002277,1569
'300043,1566
'600491,1564
'002279,1564
'300383,1562
'300131,1562
'000926,1561
'000517,1561
'002162,1560
'600908,1560
'000538,1559
'000938,1559
'002141,1557
'002128,1557
'600383,1556
'002191,1556
'002190,1555
'600466,1552
'002137,1552
'000677,1551
'600236,1550
'002697,1547
'603169,1547
'600433,1546
'600509,1546
'600663,1542
'002504,1542
'002325,1542
'600391,1541
'000721,1540
'002433,1539
'300256,1539
'000510,1539
'000698,1538
'601908,1535
'603766,1534
'600363,1532
'000554,1529
'002452,1529
'300168,1526
'002339,1525
'002123,1524
'600075,1523
'000573,1521
'002604,1519
'600116,1517
'600773,1515
'002384,1513
'000957,1513
'002068,1513
'600372,1512
'002378,1511
'000965,1511
'002083,1507
'600279,1506
'002406,1505
'002152,1504
'600734,1502
'600207,1500
'300465,1500
'000812,1500
'600376,1500
'002476,1499
'300304,1495
'002570,1493
'300189,1490
'002197,1489
'600979,1489
'600838,1485
'002362,1485
'000159,1483
'600288,1483
'600478,1482
'000726,1480
'600815,1479
'000711,1479
'002649,1478
'600082,1478
'600823,1477
'000673,1477
'002408,1476
'300107,1476
'600237,1475
'300247,1473
'000612,1472
'600368,1470
'000622,1470
'002457,1469
'000010,1469
'002167,1468
'600325,1467
'600741,1466
'600996,1465
'300376,1465
'300182,1464
'002235,1464
'600831,1463
'002439,1461
'601101,1461
'600628,1460
'600061,1460
'000810,1460
'600218,1460
'600691,1458
'002354,1455
'600855,1455
'002308,1453
'600260,1452
'600280,1451
'002283,1451
'002603,1450
'600268,1449
'600159,1448
'002243,1447
'600230,1447
'600805,1443
'001965,1443
'002318,1442
'300274,1440
'600576,1439
'002166,1435
'000949,1434
'002638,1433
'601158,1432
'002110,1431
'002361,1429
'002300,1429
'000533,1428
'000823,1427
'600090,1425
'002496,1425
'600393,1423
'600246,1421
'600568,1421
'002069,1421
'300102,1421
'300009,1420
'601233,1419
'000801,1419
'000058,1418
'300359,1417
'600633,1415
'600929,1415
'000581,1410
'300110,1408
'600293,1407
'600353,1406
'300048,1406
'002210,1403
'300134,1402
'002303,1402
'300181,1402
'603118,1401
'002711,1400
'000856,1400
'002253,1400
'002038,1399
'002074,1399
'603126,1397
'002670,1397
'600609,1397
'002601,1396
'601366,1395
'300135,1394
'601003,1393
'600708,1393
'002076,1392
'603618,1391
'600552,1391
'600121,1390
'000723,1390
'002635,1390
'300377,1388
'000019,1388
'002654,1388
'002033,1383
'002306,1383
'600558,1383
'603712,1380
'002298,1377
'600610,1376
'300045,1375
'002271,1374
'600684,1374
'300015,1373
'601869,1373
'002444,1372
'000701,1371
'600738,1369
'002468,1368
'000955,1368
'002575,1365
'000918,1364
'000733,1364
'300078,1361
'600678,1360
'000731,1359
'600613,1358
'601208,1358
'600687,1357
'300760,1357
'600251,1356
'300010,1355
'600298,1353
'002589,1352
'300676,1352
'600480,1349
'002509,1349
'600459,1345
'000529,1344
'600590,1343
'600355,1343
'002628,1343
'000790,1342
'000848,1341
'002770,1341
'600499,1341
'601717,1340
'000552,1340
'002451,1338
'000756,1338
'600192,1337
'300020,1337
'000789,1337
'000899,1336
'002607,1336
'600095,1335
'002081,1335
'600508,1332
'300075,1331
'002022,1330
'601500,1329
'002383,1329
'600780,1326
'002296,1325
'300036,1322
'600149,1320
'300129,1320
'600333,1320
'300307,1319
'300364,1319
'300178,1318
'002588,1318
'000685,1316
'600665,1315
'300527,1315
'600995,1314
'603300,1313
'603259,1313
'600530,1313
'000595,1312
'600168,1312
'002041,1311
'600645,1310
'002528,1310
'002051,1309
'600939,1308
'600559,1307
'002353,1306
'000609,1305
'002658,1305
'002585,1304
'000655,1304
'002680,1303
'600395,1302
'600917,1302
'002949,1302
'002047,1301
'600289,1300
'002352,1298
'002617,1298
'603220,1297
'002737,1297
'600650,1297
'002132,1297
'002387,1296
'000780,1296
'300177,1295
'300128,1293
'600128,1291
'002479,1290
'000996,1290
'603888,1289
'002386,1286
'000833,1286
'300311,1285
'000034,1285
'600310,1285
'600597,1285
'600580,1284
'603366,1281
'300216,1281
'600699,1281
'000620,1280
'002055,1279
'600120,1278
'000565,1278
'002006,1275
'600235,1275
'002590,1274
'000927,1274
'002264,1273
'002314,1273
'600891,1272
'000669,1272
'000820,1271
'002246,1270
'600358,1270
'600866,1270
'603693,1269
'002373,1269
'600641,1269
'000416,1268
'601678,1268
'002639,1268
'601015,1266
'600501,1266
'000607,1265
'600702,1264
'002481,1264
'000782,1263
'002782,1262
'600222,1262
'600981,1261
'000739,1261
'002519,1260
'600212,1260
'600856,1259
'300083,1257
'002503,1255
'002494,1254
'600004,1254
'600052,1254
'002149,1254
'600722,1253
'300198,1252
'002546,1252
'000962,1252
'000850,1252
'300273,1251
'600059,1249
'002087,1246
'603969,1246
'600993,1245
'000061,1245
'002158,1245
'002475,1244
'000532,1242
'002229,1242
'000046,1242
'002681,1242
'002389,1240
'002255,1240
'000584,1239
'000666,1239
'000928,1238
'000890,1236
'300496,1236
'002091,1234
'600138,1234
'300005,1234
'600239,1233
'002733,1232
'300028,1230
'300157,1230
'600119,1228
'600381,1226
'300113,1226
'300051,1224
'002171,1223
'300213,1222
'002320,1221
'300222,1221
'600710,1221
'300229,1220
'002232,1220
'300159,1219
'000409,1219
'000035,1219
'300035,1219
'300266,1217
'300217,1216
'600982,1215
'300166,1213
'600973,1211
'002625,1211
'300336,1209
'002651,1209
'600285,1209
'002219,1208
'300323,1208
'002164,1207
'000638,1207
'300184,1207
'300228,1206
'300053,1206
'002470,1206
'600078,1206
'002551,1206
'600223,1205
'600094,1203
'002223,1202
'002702,1201
'300299,1201
'600933,1201
'000818,1200
'600876,1200
'600470,1198
'000671,1198
'002133,1198
'300006,1197
'600634,1196
'000788,1196
'603299,1196
'000737,1194
'002443,1193
'600259,1192
'000657,1191
'002160,1191
'600275,1189
'000887,1189
'600229,1189
'600695,1189
'300741,1188
'300039,1188
'002606,1187
'000700,1184
'601368,1183
'600960,1182
'000835,1181
'603113,1181
'000972,1180
'300148,1179
'600201,1178
'600359,1178
'600792,1177
'002502,1177
'600233,1177
'600801,1176
'002556,1176
'600422,1175
'000821,1173
'600971,1173
'600810,1172
'603616,1170
'300231,1170
'002225,1169
'000025,1169
'002416,1168
'600639,1167
'000722,1166
'300332,1166
'000755,1165
'600835,1163
'601330,1163
'002538,1163
'002487,1162
'300175,1161
'600733,1161
'600267,1157
'300201,1157
'002007,1157
'300618,1156
'002872,1154
'000761,1154
'600135,1153
'600803,1152
'600193,1152
'601226,1152
'002028,1152
'000676,1149
'002527,1149
'002366,1148
'600802,1147
'002367,1146
'600096,1146
'600093,1146
'002215,1146
'600129,1143
'600400,1140
'300146,1139
'600009,1139
'000811,1139
'002364,1137
'600373,1137
'600657,1137
'002822,1137
'300188,1137
'300343,1135
'600217,1134
'000752,1134
'002587,1134
'600141,1132
'600896,1131
'002211,1131
'600185,1131
'002685,1128
'600851,1128
'002350,1127
'002379,1123
'002453,1122
'600750,1122
'002707,1121
'002666,1121
'600757,1118
'002321,1117
'002559,1117
'600386,1117
'600328,1116
'002095,1116
'002583,1116
'000911,1116
'000707,1116
'603227,1115
'300150,1114
'300033,1113
'002721,1113
'000017,1112
'002539,1111
'002262,1110
'000950,1109
'000989,1109
'600462,1109
'603817,1107
'600080,1107
'002374,1107
'601028,1107
'002422,1106
'300763,1106
'601155,1104
'002440,1103
'002684,1103
'002531,1102
'600178,1101
'000151,1101
'600390,1101
'300172,1100
'300073,1100
'002259,1098
'000404,1098
'300115,1096
'002396,1096
'000553,1096
'600295,1096
'000948,1095
'600723,1095
'000732,1094
'600107,1093
'000513,1092
'002172,1090
'000796,1089
'600336,1089
'002558,1088
'600821,1088
'601199,1087
'002054,1087
'300215,1086
'002143,1086
'002240,1086
'600623,1086
'600367,1086
'600692,1086
'600600,1086
'300288,1084
'002507,1083
'600727,1083
'000606,1081
'600482,1080
'601888,1080
'002643,1080
'300068,1080
'000952,1080
'600515,1079
'000637,1078
'600155,1078
'600335,1077
'600165,1077
'300016,1075
'300316,1073
'000678,1073
'002515,1072
'603323,1072
'603999,1070
'002631,1070
'002328,1069
'000692,1069
'000852,1068
'600779,1067
'002135,1066
'600830,1066
'002449,1065
'002214,1065
'002086,1064
'600062,1063
'002745,1063
'002717,1062
'600748,1062
'300139,1061
'600145,1061
'000428,1060
'600398,1059
'000713,1059
'000921,1058
'600822,1057
'300408,1056
'002769,1054
'600101,1053
'300325,1053
'002580,1052
'601127,1052
'601086,1052
'300368,1052
'600616,1051
'000155,1050
'002231,1050
'000987,1050
'002204,1050
'300183,1049
'000662,1049
'300147,1048
'300276,1048
'300118,1045
'002228,1045
'002662,1045
'002375,1042
'002348,1042
'300252,1038
'300193,1038
'603956,1037
'601599,1037
'002709,1036
'002644,1035
'600305,1035
'002946,1033
'600161,1032
'600242,1032
'002567,1030
'002404,1029
'600834,1029
'002304,1029
'300145,1028
'000523,1028
'600521,1028
'002418,1027
'603528,1027
'002766,1027
'600648,1026
'300263,1026
'600191,1025
'300735,1025
'002267,1025
'000961,1024
'300504,1024
'002009,1023
'300259,1023
'000011,1022
'002029,1021
'002046,1021
'600209,1020
'603980,1020
'002174,1019
'600854,1019
'603111,1018
'600461,1017
'000610,1017
'300052,1017
'600456,1016
'002941,1015
'000505,1015
'002126,1015
'002331,1013
'000156,1012
'000065,1011
'300067,1008
'000522,1008
'002114,1008
'600449,1007
'000885,1007
'300458,1006
'600715,1005
'300317,1005
'600575,1005
'300091,1004
'002165,1004
'002107,1003
'300498,1002
'600126,1002
'601238,1000
'002544,999
'300755,999
'300076,999
'601811,999
'000697,999
'000757,998
'603803,998
'002388,997
'600038,997
'002270,995
'002397,995
'002045,994
'603225,992
'002036,992
'600636,992
'002703,991
'000537,991
'000570,990
'000531,989
'002929,987
'002747,987
'600638,986
'300171,986
'300528,985
'600961,984
'600848,984
'000881,984
'000993,984
'000888,983
'000153,983
'603167,983
'600077,983
'002347,982
'002254,981
'002584,979
'600113,979
'002562,979
'000766,979
'600859,978
'600182,976
'600257,976
'000922,976
'000593,975
'002522,974
'002344,973
'300386,973
'603105,973
'300063,972
'600429,970
'002490,970
'603106,969
'600716,969
'601339,968
'002920,968
'002012,968
'002772,968
'603117,967
'002597,966
'000708,965
'002609,965
'603636,965
'600416,963
'000797,963
'300001,963
'300278,963
'603002,961
'300339,961
'300081,960
'300074,959
'002693,958
'600790,958
'300151,956
'002071,956
'300322,955
'000631,955
'601900,955
'300466,953
'002244,950
'300345,949
'002578,949
'000908,949
'601858,948
'002480,948
'002441,948
'600479,947
'300025,947
'300224,947
'600761,946
'002655,946
'002062,943
'601969,943
'600767,943
'603198,943
'300032,942
'002906,942
'002221,941
'002699,938
'600618,938
'000582,937
'601126,937
'002021,935
'002044,934
'002581,934
'000429,934
'002672,934
'300080,934
'000976,932
'002098,932
'300699,932
'300625,931
'600323,931
'002410,929
'002445,927
'000090,927
'300096,926
'002640,925
'600557,925
'000613,924
'600556,924
'300255,922
'002750,921
'000628,921
'300179,920
'600791,920
'002629,919
'300133,918
'000925,918
'603843,918
'002377,917
'000603,917
'002371,917
'603648,917
'603032,916
'600278,916
'300022,916
'300018,913
'000819,911
'002265,911
'300759,911
'600273,910
'002472,909
'002688,909
'300664,908
'000759,908
'002560,907
'600682,906
'002930,906
'000982,905
'002317,903
'603559,902
'002272,901
'603920,901
'600766,901
'000633,900
'603986,899
'000915,899
'000716,898
'300344,898
'600622,898
'300419,896
'002694,896
'603777,896
'300021,894
'002080,894
'600668,894
'300122,893
'002035,891
'300050,891
'603885,891
'002363,890
'603357,890
'600163,890
'603556,888
'002613,888
'002848,888
'000007,887
'002048,887
'600152,887
'600724,886
'000417,886
'603188,885
'300012,885
'603367,885
'603979,884
'000419,883
'002524,883
'000576,883
'300011,882
'601116,882
'600681,881
'601965,880
'300444,879
'300245,879
'300666,878
'000430,878
'002059,875
'002351,875
'601996,875
'002708,875
'000045,875
'002323,874
'600894,873
'002459,873
'001896,872
'300401,872
'002194,870
'000920,869
'002545,868
'000560,868
'603698,867
'002251,867
'600361,867
'300295,866
'600202,865
'300208,865
'000544,864
'603876,863
'000421,861
'002365,861
'002327,861
'600619,860
'000150,860
'002153,860
'002293,860
'600725,859
'002050,859
'600819,855
'600644,855
'002111,855
'002478,855
'600329,854
'000632,854
'600603,853
'600448,853
'002016,852
'300244,852
'002208,852
'603588,851
'000597,851
'603308,851
'002124,849
'600012,849
'002577,848
'603063,848
'601369,848
'002147,848
'600287,847
'600562,847
'300142,847
'300144,846
'600587,846
'600844,845
'002574,845
'300099,844
'600843,844
'600054,843
'600203,843
'601139,842
'600197,841
'300451,841
'600423,840
'600156,840
'000860,840
'601020,839
'300477,838
'600689,836
'002675,836
'600696,836
'002774,835
'002712,835
'600225,834
'002189,834
'002247,834
'002109,832
'002572,832
'300117,832
'000705,832
'603587,830
'600809,830
'002700,830
'000030,829
'300153,829
'000919,828
'300641,827
'600540,827
'300267,827
'000978,826
'000062,826
'000975,825
'002536,825
'002900,824
'002242,824
'603005,824
'002455,823
'300362,823
'603067,823
'601999,822
'300173,822
'000951,820
'002561,820
'600299,820
'002521,820
'002916,818
'002309,817
'002077,817
'002461,817
'000626,816
'300366,816
'002376,816
'600510,815
'002741,814
'300327,813
'002420,813
'002103,813
'300071,813
'002184,813
'600345,812
'300761,812
'603996,812
'002198,811
'601567,811
'000096,810
'603012,810
'002227,808
'601801,808
'600365,808
'600796,807
'300422,807
'002464,806
'600469,806
'300242,805
'300160,805
'002274,805
'300030,804
'002925,804
'002094,803
'002579,802
'002660,802
'300221,802
'002492,801
'300459,800
'600327,799
'300280,799
'601098,799
'300207,799
'002548,798
'300708,798
'300440,798
'000809,796
'300100,796
'601595,796
'002698,796
'300164,796
'601877,795
'000785,795
'000923,794
'300597,793
'300194,792
'000813,791
'002343,789
'300326,789
'002282,789
'300356,788
'300199,788
'002138,787
'002061,787
'002186,787
'300514,787
'603916,786
'002238,786
'603116,786
'002818,786
'300284,785
'002882,785
'300265,785
'603778,785
'002196,783
'300520,783
'000049,783
'600532,782
'603606,782
'600505,781
'300390,781
'300319,781
'002332,780
'002483,779
'002345,778
'300187,778
'300471,777
'002119,777
'000702,776
'002602,775
'002425,775
'002349,775
'002398,774
'000902,772
'002084,771
'002792,771
'000551,771
'300312,767
'300495,767
'002616,767
'000501,766
'002136,766
'002026,766
'000408,765
'002928,765
'600483,765
'600281,764
'002066,764
'600232,764
'002072,763
'002786,762
'600215,762
'300262,762
'300494,761
'600826,761
'600088,761
'300392,760
'002593,760
'300302,760
'600081,760
'000967,759
'000828,759
'300425,758
'002346,758
'603260,758
'002743,757
'600195,757
'002469,756
'002268,756
'002911,756
'600683,755
'603100,755
'300105,754
'002671,753
'000032,753
'300450,753
'603189,752
'000863,752
'600283,752
'002316,752
'000014,752
'002692,752
'000043,751
'300300,750
'300455,749
'002815,749
'300004,749
'002112,749
'002626,748
'300493,748
'300041,747
'000815,747
'600872,747
'600814,747
'002903,746
'600861,746
'600189,746
'603676,745
'600051,745
'002514,743
'603567,742
'002605,742
'600889,740
'002192,739
'300373,739
'300506,739
'600640,739
'000619,739
'603015,738
'300291,738
'600148,738
'601886,737
'603650,737
'002879,737
'600370,737
'300479,735
'002290,735
'002676,735
'603901,735
'603385,735
'000608,733
'002785,733
'002381,732
'603609,732
'002040,732
'300599,732
'002752,732
'002216,732
'603612,731
'603881,731
'300155,731
'300269,730
'600420,730
'600566,730
'000567,730
'603987,728
'300740,728
'300272,727
'600173,727
'002203,727
'002687,727
'002105,726
'002258,726
'000665,725
'600337,725
'000611,724
'300290,724
'300467,722
'002322,722
'002632,721
'600617,721
'300237,720
'300034,719
'002020,719
'300623,718
'002641,718
'300758,717
'603026,717
'000909,717
'603818,717
'300007,716
'600865,716
'002391,716
'300534,715
'300219,714
'300388,713
'000605,713
'603009,713
'300250,711
'000681,711
'300140,710
'600858,710
'300335,710
'600476,709
'300064,709
'600731,709
'300047,708
'600114,708
'600735,707
'002612,707
'000635,707
'603919,706
'603069,706
'300249,706
'002511,706
'000869,705
'600620,704
'300248,703
'300379,703
'300601,703
'300705,703
'002742,702
'601231,702
'300409,701
'603608,700
'600493,699
'002025,699
'002549,698
'603336,698
'300328,695
'603166,695
'300264,695
'600238,695
'300084,695
'002751,693
'300238,693
'300334,692
'603626,691
'603733,690
'002482,689
'300679,689
'002937,689
'600248,688
'002682,688
'000999,688
'000679,688
'002863,688
'603421,687
'603348,686
'603680,686
'002566,686
'002634,685
'600382,685
'300212,684
'603598,684
'002417,684
'300082,683
'600053,683
'603800,683
'603011,682
'300089,682
'300236,682
'603098,682
'002414,681
'002855,681
'000524,681
'002125,681
'300161,680
'000586,680
'000617,679
'600833,679
'600898,679
'603298,679
'300329,679
'002618,679
'300225,678
'002918,677
'603013,677
'600969,677
'300511,676
'603133,675
'002335,674
'300318,674
'002260,673
'300040,673
'600719,673
'002220,672
'002576,672
'300424,672
'600560,671
'300046,671
'600468,671
'002582,670
'600318,670
'300165,670
'000953,667
'002852,667
'300369,667
'300397,666
'601689,666
'601038,666
'603157,666
'002206,665
'002289,664
'300348,664
'002910,663
'300195,662
'002399,662
'002333,662
'603025,661
'002795,659
'001872,658
'600828,657
'300694,657
'002907,657
'002117,657
'300510,656
'000688,656
'002360,656
'300374,656
'300512,655
'300380,655
'002003,654
'300726,654
'002462,654
'002299,654
'600679,653
'002430,653
'300097,652
'603619,652
'002722,652
'002458,652
'002623,652
'600781,651
'300163,650
'002608,650
'002207,650
'300049,649
'300746,649
'603466,648
'600694,648
'002248,647
'002082,647
'603838,646
'300378,646
'600712,646
'600998,646
'000892,645
'603603,645
'600742,645
'002520,645
'002826,645
'300223,644
'002571,644
'300141,644
'603557,643
'603727,643
'002355,642
'300065,642
'600511,641
'000037,641
'002947,641
'000990,641
'002620,640
'000968,640
'600984,640
'603258,640
'002656,639
'603277,638
'002845,638
'600055,637
'002771,636
'603168,636
'603615,636
'300301,636
'002140,636
'600184,636
'600850,635
'603668,634
'300340,634
'300706,634
'300674,634
'300432,634
'600592,633
'002788,633
'002368,632
'300686,632
'002775,632
'600179,632
'600543,632
'600754,631
'600387,630
'000056,630
'603669,630
'300162,630
'600965,630
'603628,630
'300103,630
'603700,629
'600980,629
'300057,629
'603321,629
'300423,629
'600769,628
'002529,628
'002746,627
'002438,627
'600523,625
'603328,625
'603386,624
'300230,624
'002356,624
'600599,623
'002315,623
'603897,623
'002905,622
'300558,622
'002401,622
'002434,621
'600146,621
'600247,621
'002877,620
'002454,620
'002842,619
'300167,619
'300279,619
'300485,618
'600258,617
'002897,617
'300647,617
'300730,617
'300476,616
'300086,616
'002586,616
'603369,615
'600315,614
'603017,614
'002730,613
'002740,613
'300580,613
'600513,612
'002187,611
'300565,611
'600403,611
'000026,610
'300570,610
'002563,609
'600136,609
'600070,608
'002234,608
'603689,607
'300337,607
'000502,607
'000534,607
'600686,606
'002393,606
'002090,606
'300545,606
'600983,605
'603083,605
'002763,605
'603333,605
'600771,604
'300456,604
'300309,604
'300660,604
'603508,603
'300023,603
'603101,603
'002867,603
'002933,603
'000550,603
'300384,603
'002902,602
'300209,602
'603998,601
'002553,601
'002725,600
'603056,600
'603533,599
'300490,599
'600377,599
'002806,599
'000703,597
'300724,597
'000889,597
'600243,596
'603900,596
'002209,596
'300582,596
'002664,596
'603050,595
'300634,595
'600346,595
'002085,594
'002648,593
'603937,593
'603601,593
'300205,593
'603177,592
'002423,592
'002598,592
'300158,592
'300474,591
'002014,591
'603035,591
'600371,591
'300054,590
'603007,590
'002837,590
'000038,590
'002908,590
'002677,589
'300678,589
'002010,589
'603630,588
'000691,588
'603586,587
'603929,587
'300239,587
'002828,587
'300314,586
'300056,586
'603156,586
'603789,586
'603121,586
'600213,585
'300748,584
'300739,584
'600845,584
'002683,583
'300747,582
'600356,582
'002541,582
'300556,581
'300293,581
'300121,581
'300531,581
'603826,581
'300438,579
'600538,578
'300271,577
'002144,577
'300092,576
'300439,576
'002811,576
'002278,575
'300095,574
'000880,574
'300719,574
'002330,573
'603363,573
'002380,573
'002484,570
'002357,570
'002286,570
'002690,570
'603997,569
'600892,568
'000661,568
'002179,568
'300125,568
'300127,567
'600658,567
'002646,567
'300037,565
'300463,565
'300132,565
'002755,564
'603020,564
'002530,564
'002250,564
'300410,564
'002037,564
'600732,564
'600870,563
'002057,563
'600778,563
'600841,563
'300126,563
'603667,562
'002895,562
'600680,561
'002783,561
'600890,561
'000639,561
'603066,561
'002820,561
'002042,560
'002372,560
'002518,560
'603027,560
'002913,560
'601007,560
'002866,558
'300555,558
'601515,558
'600897,557
'603686,557
'300462,556
'002706,556
'000798,556
'300094,556
'603505,555
'603288,555
'300019,555
'300457,555
'002823,553
'002116,553
'300692,553
'603393,553
'600338,553
'002411,553
'603303,552
'300670,551
'300062,551
'603596,551
'002591,550
'002790,550
'300420,550
'603339,550
'002756,550
'002726,550
'603856,550
'600987,549
'600475,549
'603602,548
'603278,548
'002652,548
'300313,547
'603839,547
'002714,547
'300190,547
'600962,546
'601021,546
'600463,545
'600302,545
'300407,544
'603768,544
'603706,544
'600746,544
'002898,542
'002791,542
'300350,542
'000525,541
'002759,541
'600091,541
'300547,541
'002101,540
'300360,540
'300627,540
'603023,539
'603882,538
'002313,537
'002485,537
'603389,536
'603099,536
'002394,536
'002615,536
'603458,536
'300426,536
'300697,536
'603022,536
'603739,536
'603861,535
'603028,535
'002291,535
'002724,534
'002889,534
'603399,533
'603855,533
'300449,532
'603767,532
'603918,531
'603085,530
'603728,530
'300114,529
'603717,529
'300206,529
'603477,528
'600228,528
'300518,528
'000663,527
'300112,526
'603036,526
'300294,526
'603335,526
'300211,525
'603332,525
'002088,524
'300203,524
'600818,523
'600714,522
'603936,522
'300562,521
'603080,521
'601677,521
'603311,520
'300428,520
'603456,520
'002887,519
'600693,519
'000590,519
'603387,518
'002015,518
'002678,517
'600180,517
'603869,517
'300289,516
'603016,516
'600608,516
'300541,515
'002499,515
'300515,515
'601137,515
'002275,514
'600548,513
'002534,513
'000906,513
'603976,513
'300270,513
'300411,511
'000929,511
'002552,511
'300123,511
'002748,511
'603912,511
'603890,510
'603358,510
'002881,510
'002728,510
'300711,509
'603599,509
'300468,509
'300308,508
'600829,508
'603878,508
'300413,508
'002781,508
'002922,507
'603123,507
'002096,507
'600319,507
'603988,507
'603309,506
'300583,506
'300399,506
'002765,506
'002850,505
'000020,505
'300533,504
'300093,504
'002927,503
'603678,503
'603703,502
'300486,502
'000504,502
'002732,501
'002370,501
'300398,501
'601882,500
'600860,500
'002817,500
'603003,500
'002813,500
'300406,498
'002793,498
'000779,497
'002901,497
'300591,497
'300363,497
'603060,496
'300214,496
'002513,495
'603718,495
'002935,495
'002614,495
'000719,495
'300745,495
'603359,495
'600551,494
'600882,494
'300568,494
'603661,493
'603928,492
'300427,492
'002669,492
'603315,492
'300733,491
'300412,491
'603103,491
'300447,490
'002853,490
'002532,490
'000710,490
'601566,489
'603289,488
'603906,488
'300639,488
'300503,487
'300481,486
'603138,486
'603368,486
'600272,486
'300351,485
'600721,485
'300342,485
'600629,485
'603378,485
'603829,485
'603569,484
'002338,483
'002319,483
'300149,483
'002870,483
'300106,482
'002442,482
'300331,482
'300154,481
'300202,479
'300341,479
'002761,479
'300281,479
'002762,478
'300643,478
'002942,477
'300543,476
'300589,476
'603977,476
'603758,476
'300246,475
'300227,475
'000023,474
'603590,474
'603108,474
'002753,474
'300487,473
'002568,473
'002809,472
'603183,472
'002899,471
'002201,471
'300204,471
'603055,470
'002787,469
'600132,469
'603329,469
'300502,469
'002846,468
'603165,468
'300358,468
'603045,466
'603823,466
'603196,466
'000042,466
'300484,465
'300617,465
'603779,465
'300588,464
'600520,464
'600379,464
'300693,463
'002403,463
'603895,463
'300491,462
'603081,462
'603629,461
'000893,461
'603313,461
'300460,461
'300277,461
'603773,460
'603958,460
'603160,459
'300683,459
'300723,459
'603877,459
'603577,459
'603322,458
'002188,458
'300513,458
'002053,457
'300298,457
'002419,457
'002727,457
'002829,456
'603030,456
'300241,456
'002869,455
'002923,455
'002039,453
'600990,453
'002382,452
'603797,452
'002336,452
'300415,451
'000913,451
'300505,451
'002691,450
'300561,450
'300330,449
'300667,449
'300684,449
'603535,449
'002595,449
'300671,449
'300320,448
'002847,448
'603008,448
'300120,448
'603398,448
'002637,448
'002859,447
'600745,447
'600211,446
'600763,446
'600697,446
'002827,445
'603365,445
'600561,445
'002435,444
'300346,444
'603042,444
'603006,444
'603021,444
'603790,443
'000715,442
'603356,442
'300519,441
'600378,441
'002543,440
'300732,440
'002940,439
'000546,439
'600579,439
'600419,438
'002917,438
'300710,438
'300712,438
'002836,437
'002835,437
'300436,437
'300119,437
'603185,437
'300675,436
'600729,436
'603001,435
'300682,435
'002758,434
'603192,434
'002943,434
'002840,433
'002653,432
'002287,432
'002193,432
'300516,431
'300286,430
'603903,430
'002686,429
'600764,429
'603058,429
'603527,429
'600241,429
'300603,428
'002803,428
'300235,428
'300109,428
'300698,427
'002860,427
'603555,427
'300695,426
'002909,426
'603568,426
'600706,426
'603181,426
'002295,425
'601177,424
'603683,423
'603558,423
'002719,423
'002851,422
'002738,422
'002843,422
'002808,421
'300403,421
'300628,421
'300611,421
'601579,421
'002200,420
'002409,420
'002825,420
'603444,419
'002885,419
'300529,419
'002861,419
'002868,418
'002824,418
'300560,418
'300500,417
'603301,417
'603383,417
'600749,416
'002150,416
'603798,416
'002875,416
'603239,416
'300191,416
'300523,415
'002865,414
'300254,413
'603131,413
'603318,413
'603657,413
'300587,413
'603488,412
'300635,412
'600612,412
'603725,412
'603500,411
'300707,411
'300688,411
'000695,411
'603501,410
'300200,409
'603825,409
'002931,409
'603611,409
'603238,409
'002864,408
'600883,408
'300585,408
'300210,408
'600506,407
'600099,407
'603538,407
'603179,406
'300752,406
'300718,406
'300615,406
'002127,405
'002932,405
'600097,405
'600992,405
'603738,404
'603699,403
'300497,403
'300130,403
'300507,401
'600529,401
'300381,401
'603486,400
'300590,400
'002661,400
'300621,399
'300663,399
'300703,399
'300452,399
'300475,398
'600007,398
'300453,397
'002789,397
'603029,396
'300138,396
'002213,396
'300469,395
'300542,395
'300536,395
'603214,395
'300632,395
'002627,395
'300448,393
'300677,393
'002212,392
'300549,392
'000028,392
'300240,392
'002767,391
'603922,391
'300526,391
'300569,390
'300108,390
'300742,390
'300169,390
'002659,390
'603688,389
'600615,389
'603351,389
'002624,389
'002888,389
'600250,388
'300414,388
'300537,388
'300441,387
'603187,386
'300554,386
'603828,386
'300749,386
'000736,386
'603380,386
'600857,385
'300192,385
'300709,385
'603959,384
'300402,384
'300522,384
'603776,383
'300349,382
'300702,382
'603018,382
'002871,382
'603968,382
'000526,380
'603161,380
'600985,379
'603966,378
'002880,378
'002856,378
'300429,378
'002180,378
'603660,378
'300285,377
'300443,377
'002768,377
'300649,377
'300394,377
'603730,377
'600573,376
'300716,376
'603218,375
'300521,375
'000596,374
'603515,374
'603970,373
'603178,373
'300087,373
'603639,373
'002734,372
'002412,372
'603345,372
'002749,372
'300602,370
'002893,370
'002849,369
'603600,369
'300722,369
'300283,368
'300031,368
'603926,368
'002713,368
'603656,367
'603963,367
'000418,367
'603320,366
'600385,366
'600306,365
'300347,364
'002311,364
'002723,364
'603306,363
'002780,363
'603316,363
'300700,362
'601798,362
'002705,362
'300552,361
'300607,361
'600452,361
'603516,361
'002645,361
'002134,361
'300539,360
'603955,360
'300220,360
'300517,360
'603585,360
'300437,360
'300645,359
'300753,359
'002324,359
'300473,359
'603659,358
'300690,358
'300637,358
'002884,358
'603222,357
'300593,357
'002799,357
'300234,357
'603729,357
'300563,356
'300566,356
'603701,356
'002557,355
'300365,355
'002493,355
'603933,355
'600563,355
'300743,354
'002537,354
'300375,354
'603978,354
'600083,353
'603989,353
'002921,352
'300592,352
'300532,352
'603297,352
'600071,352
'300551,351
'603722,351
'603589,351
'300282,351
'002801,351
'300586,351
'002731,351
'002873,350
'002773,350
'300275,350
'300306,349
'002205,349
'002886,348
'002830,348
'300756,348
'300638,348
'300624,347
'603787,347
'300261,346
'300612,346
'300610,346
'300727,346
'300434,345
'601113,345
'603663,344
'300701,343
'603129,342
'603607,342
'300480,342
'300029,342
'300757,341
'603010,341
'603726,340
'603809,339
'300464,339
'603889,338
'002915,338
'600661,337
'300061,337
'603518,337
'300633,337
'000910,336
'002805,336
'300482,335
'300620,335
'603917,335
'603110,334
'300648,334
'300525,334
'300579,333
'300454,333
'002862,333
'603896,333
'300446,332
'002592,331
'300013,331
'603713,331
'603708,331
'002173,330
'603377,329
'300578,329
'603326,329
'603810,328
'300430,328
'002395,327
'300421,327
'603507,326
'603909,326
'603898,326
'603685,326
'300042,326
'300721,325
'603566,325
'000403,324
'603711,324
'300696,324
'002796,323
'300404,323
'603090,323
'600486,322
'002778,322
'002802,322
'300232,322
'300196,322
'603076,321
'603139,321
'002667,321
'300600,319
'603690,319
'603283,319
'600389,319
'300605,318
'002800,318
'603180,318
'300258,318
'603868,317
'300619,317
'002896,317
'603159,316
'300672,316
'002810,316
'300535,316
'603886,315
'002427,315
'300357,315
'002058,315
'300391,313
'603938,313
'603880,313
'603355,313
'300581,313
'300687,312
'300226,312
'603879,312
'300691,311
'002301,311
'603808,311
'600793,311
'600885,309
'603887,309
'603811,309
'300657,309
'300387,308
'603633,308
'300598,307
'300499,307
'603223,307
'300338,306
'300713,306
'300548,306
'603883,306
'300720,305
'002674,305
'300492,305
'300652,305
'300738,305
'000985,305
'300445,304
'300642,302
'300354,302
'000004,302
'300435,302
'000995,301
'600137,301
'600262,300
'300233,299
'603816,299
'000411,298
'300658,298
'603801,298
'600785,297
'002857,297
'603158,297
'603822,296
'002883,296
'300489,295
'002569,295
'300736,294
'603578,293
'002798,293
'300644,293
'002831,293
'002757,293
'603666,293
'603186,292
'300218,292
'603268,292
'300470,292
'603908,292
'300604,291
'603031,291
'002841,290
'603305,290
'002821,290
'300540,289
'603199,289
'002891,288
'603331,287
'300389,287
'603229,287
'300508,286
'300673,286
'300731,285
'603041,285
'603819,284
'002819,283
'603848,282
'300305,282
'603330,282
'300717,281
'300606,281
'002779,281
'603136,281
'300268,280
'300595,280
'600774,279
'600647,279
'603871,278
'603859,278
'300538,278
'002696,278
'600976,277
'300557,276
'300640,275
'601100,275
'300685,275
'600234,274
'603716,274
'603319,274
'603707,273
'603520,272
'300385,272
'600605,272
'603197,271
'603233,271
'300665,271
'603788,270
'600753,270
'300395,270
'600768,270
'300655,270
'300509,269
'300668,269
'300613,269
'603059,269
'300546,268
'603496,267
'603037,267
'603360,267
'002833,267
'300636,266
'300243,266
'300576,265
'002919,265
'002647,264
'603899,264
'603286,264
'300559,263
'002760,262
'002120,262
'603806,261
'603203,260
'300501,260
'300622,260
'300442,259
'603079,259
'300608,258
'603086,257
'002199,257
'603269,256
'603579,255
'300725,255
'603338,255
'603813,254
'300689,254
'603605,253
'603617,252
'603536,252
'603517,251
'300396,251
'000048,250
'603043,250
'603833,249
'603655,249
'603089,246
'300257,246
'300631,246
'002892,245
'002858,245
'603266,245
'002633,244
'603595,244
'603388,244
'002912,244
'300400,244
'002890,242
'300260,242
'300653,241
'603416,241
'603665,240
'603226,240
'300680,239
'002729,239
'603040,239
'002715,238
'603757,235
'300382,235
'300609,235
'300629,234
'603991,234
'603658,234
'603519,234
'002816,233
'603499,233
'002621,232
'002735,232
'300662,231
'300478,230
'300626,229
'300729,227
'002777,226
'603696,226
'600671,226
'603088,226
'300371,226
'600817,223
'600421,223
'300069,222
'300180,220
'603583,219
'603677,219
'600167,219
'603228,219
'603038,218
'002032,217
'300573,217
'600301,216
'600539,216
'002878,215
'603737,215
'603208,213
'002812,213
'300571,213
'300417,213
'300596,212
'603033,212
'300584,212
'002599,211
'600847,211
'300405,210
'603939,208
'603985,208
'002159,208
'300575,208
'300416,208
'600444,207
'300530,207
'002034,206
'300143,205
'300393,203
'300669,203
'002718,202
'300659,202
'603638,200
'300553,200
'603127,200
'603721,199
'002473,199
'603637,199
'300176,199
'603200,198
'002876,198
'300550,195
'002679,194
'300567,194
'300751,193
'000668,190
'300630,190
'000805,188
'603396,188
'603078,187
'300656,186
'300321,186
'603232,186
'002776,185
'300174,184
'300650,180
'603337,180
'300715,180
'002838,179
'603580,175
'300681,175
'603709,174
'603506,171
'300483,171
'300616,171
'300472,170
'300488,166
'300461,164
'300577,161
'002832,155
'601799,151
'000803,149
'603860,146
'300661,145
'603096,139
'603960,134
'300654,131
'603679,130
'603866,128
'300651,120
'600455,120
'600593,117
'603990,108
'603429,107
'600265,105
'300572,101
'603039,98
'003599,24
'003600,24
'003404,19
'003636,18
'003528,17
'003564,11
'003048,8
'003520,7
'000354,6
'000696,4
'000024,4
'000508,4
'000748,3
'003043,3
'000569,2
'003536,2
'000033,2
'000562,2
'600472,1
'003387,1
'601268,1
'600631,1
'600432,1
'600270,1
'003401,1
'003480,1
'003249,1
'600005,1
'600263,1
'003035,1
'003507,1
'003340,1
'003432,1
'003438,1
'003403,1
'600087,1
'003446,1
'003570,1
'009704,1
'003561,1
'000527,1
'003004,1
'003429,1
'003462,1
'003015,1
'003540,1
'003963,1
'003522,1
'003900,1
'003021,1
'003406,1
'003489,1
'009701,0
